<?xml version="1.0" encoding="UTF-8"?>
     <beans xmlns="http://www.springframework.org/schema/beans"
    xmlns:xsi="http://www.w3.org/2001/XMLSchema-instance"
    xmlns:context="http://www.springframework.org/schema/context"
    xsi:schemaLocation="http://www.springframework.org/schema/beans
        https://www.springframework.org/schema/beans/spring-beans.xsd
        http://www.springframework.org/schema/context
        https://www.springframework.org/schema/context/spring-context.xsd">
        
        
    <!-- bean definitions here -->
    <bean id="dmds"  class="org.springframework.jdbc.datasource.DriverManagerDataSource">
		<property name="driverClassName"  value="${jdbc.driver}"></property>
        <property name="url" value="${jdbc.url}"></property>
        <property name="username" value="${jdbc.username}"></property>
		<property name="password"  value="${jdbc.password}"></property>
		</bean>
		<context:component-scan base-package="com.sitech"></context:component-scan>
		<context:property-placeholder location="com/sitech/commons/dbinfo.properties" />
    
    

</beans>
